{
  "test_time": "2025-12-24T11:38:17.152876",
  "database_config": {
    "host": "localhost",
    "port": 5432,
    "database": "line_management",
    "user": "lineuser"
  },
  "test_config": {
    "iterations": 10,
    "enable_plot": true
  },
  "results": {
    "basic_queries": {
      "用户总数查询": {
        "avg_time": 0.19991397857666016,
        "min_time": 0.0,
        "max_time": 0.9999275207519531,
        "median_time": 0.0,
        "std_dev": 0.42145570599073745,
        "times": [
          0.9999275207519531,
          0.0,
          0.0,
          0.0,
          0.0,
          0.0,
          0.9992122650146484,
          0.0,
          0.0,
          0.0
        ],
        "result_count": 1,
        "description": "用户总数查询"
      },
      "管理员查询": {
        "avg_time": 0.09996891021728516,
        "min_time": 0.0,
        "max_time": 0.9996891021728516,
        "median_time": 0.0,
        "std_dev": 0.3161294514914993,
        "times": [
          0.0,
          0.9996891021728516,
          0.0,
          0.0,
          0.0,
          0.0,
          0.0,
          0.0,
          0.0,
          0.0
        ],
        "result_count": 1,
        "description": "管理员查询"
      },
      "活跃用户查询": {
        "avg_time": 0.3117084503173828,
        "min_time": 0.0,
        "max_time": 1.0004043579101562,
        "median_time": 0.0,
        "std_dev": 0.42891409168633365,
        "times": [
          0.9999275207519531,
          0.0,
          0.0,
          0.0,
          0.0,
          0.0,
          1.0004043579101562,
          0.5977153778076172,
          0.0,
          0.5190372467041016
        ],
        "result_count": 12,
        "description": "活跃用户查询"
      },
      "分组总数查询": {
        "avg_time": 0.2004861831665039,
        "min_time": 0.0,
        "max_time": 1.0044574737548828,
        "median_time": 0.0,
        "std_dev": 0.42266306511359136,
        "times": [
          1.0044574737548828,
          0.0,
          0.0,
          0.0,
          0.0,
          1.0004043579101562,
          0.0,
          0.0,
          0.0,
          0.0
        ],
        "result_count": 1,
        "description": "分组总数查询"
      },
      "活跃分组查询": {
        "avg_time": 3.0800580978393555,
        "min_time": 1.9986629486083984,
        "max_time": 3.641843795776367,
        "median_time": 3.013134002685547,
        "std_dev": 0.45839872519447833,
        "times": [
          2.998828887939453,
          3.0012130737304688,
          3.5142898559570312,
          3.641843795776367,
          1.9986629486083984,
          3.509044647216797,
          3.0155181884765625,
          2.982616424560547,
          3.1278133392333984,
          3.0107498168945312
        ],
        "result_count": 395,
        "description": "活跃分组查询"
      },
      "默认分类分组查询": {
        "avg_time": 3.2613515853881836,
        "min_time": 2.501964569091797,
        "max_time": 5.006074905395508,
        "median_time": 3.0028820037841797,
        "std_dev": 0.7219694471540204,
        "times": [
          2.992391586303711,
          3.000497817993164,
          2.507448196411133,
          3.5817623138427734,
          3.0052661895751953,
          2.501964569091797,
          5.006074905395508,
          3.510713577270508,
          3.5097599029541016,
          2.9976367950439453
        ],
        "result_count": 391,
        "description": "默认分类分组查询"
      },
      "Line账号总数查询": {
        "avg_time": 0.20017623901367188,
        "min_time": 0.0,
        "max_time": 1.001119613647461,
        "median_time": 0.0,
        "std_dev": 0.42200858078600795,
        "times": [
          1.001119613647461,
          0.0,
          1.0006427764892578,
          0.0,
          0.0,
          0.0,
          0.0,
          0.0,
          0.0,
          0.0
        ],
        "result_count": 1,
        "description": "Line账号总数查询"
      },
      "在线账号查询": {
        "avg_time": 2.4626970291137695,
        "min_time": 1.9946098327636719,
        "max_time": 3.0007362365722656,
        "median_time": 2.5120973587036133,
        "std_dev": 0.37369899854959854,
        "times": [
          2.485990524291992,
          2.5060176849365234,
          3.000020980834961,
          2.596616744995117,
          1.996755599975586,
          2.528667449951172,
          1.9993782043457031,
          1.9946098327636719,
          3.0007362365722656,
          2.518177032470703
        ],
        "result_count": 195,
        "description": "在线账号查询"
      },
      "Line平台账号查询": {
        "avg_time": 2.864241600036621,
        "min_time": 2.016305923461914,
        "max_time": 3.612995147705078,
        "median_time": 2.9970407485961914,
        "std_dev": 0.4275219164210116,
        "times": [
          2.016305923461914,
          2.9942989349365234,
          3.0012130737304688,
          2.5110244750976562,
          3.000497817993164,
          3.612995147705078,
          2.5033950805664062,
          3.0088424682617188,
          2.994060516357422,
          2.9997825622558594
        ],
        "result_count": 246,
        "description": "Line平台账号查询"
      }
    },
    "index_tests": {
      "activation_code索引测试": {
        "indexed": {
          "avg_time": 0.2172708511352539,
          "min_time": 0.0,
          "max_time": 1.5063285827636719,
          "median_time": 0.0,
          "std_dev": 0.49900142294904437,
          "times": [
            0.0,
            0.0,
            0.0,
            0.0,
            1.5063285827636719,
            0.0,
            0.6663799285888672,
            0.0,
            0.0,
            0.0
          ],
          "result_count": 0,
          "description": "activation_code索引测试-indexed"
        },
        "non_indexed": {
          "avg_time": 0.20084381103515625,
          "min_time": 0.0,
          "max_time": 1.0097026824951172,
          "median_time": 0.0,
          "std_dev": 0.4234238220325898,
          "times": [
            1.0097026824951172,
            0.0,
            0.0,
            0.0,
            0.0,
            0.0,
            0.9987354278564453,
            0.0,
            0.0,
            0.0
          ],
          "result_count": 0,
          "description": "activation_code索引测试-non-indexed"
        }
      },
      "group_id索引测试": {
        "indexed": {
          "avg_time": 0.09992122650146484,
          "min_time": 0.0,
          "max_time": 0.9992122650146484,
          "median_time": 0.0,
          "std_dev": 0.3159786623422069,
          "times": [
            0.0,
            0.0,
            0.9992122650146484,
            0.0,
            0.0,
            0.0,
            0.0,
            0.0,
            0.0,
            0.0
          ],
          "result_count": 1,
          "description": "group_id索引测试-indexed"
        },
        "non_indexed": {
          "avg_time": 0.19977092742919922,
          "min_time": 0.0,
          "max_time": 0.9996891021728516,
          "median_time": 0.0,
          "std_dev": 0.42115427768358726,
          "times": [
            0.9980201721191406,
            0.0,
            0.0,
            0.0,
            0.0,
            0.0,
            0.0,
            0.9996891021728516,
            0.0,
            0.0
          ],
          "result_count": 1,
          "description": "group_id索引测试-non-indexed"
        }
      },
      "时间索引测试": {
        "indexed": {
          "avg_time": 0.2486705780029297,
          "min_time": 0.0,
          "max_time": 1.4739036560058594,
          "median_time": 0.0,
          "std_dev": 0.5353907779443507,
          "times": [
            1.0128021240234375,
            0.0,
            0.0,
            0.0,
            0.0,
            0.0,
            0.0,
            0.0,
            0.0,
            1.4739036560058594
          ],
          "result_count": 1,
          "description": "时间索引测试-indexed"
        },
        "non_indexed": {
          "avg_time": 2.9058218002319336,
          "min_time": 0.0,
          "max_time": 23.04697036743164,